{"cameraMode":{"drawMode":0,"name":"Shaded","section":"Shading Mode"},"sceneLighting":true,"audioPlay":false,"sceneViewState":{"m_AlwaysRefresh":false,"showFog":true,"showSkybox":true,"showFlares":true,"showImageEffects":true,"showParticleSystems":true,"showVisualEffectGraphs":true,"m_FxEnabled":true},"in2DMode":false,"pivot":{"x":4.680810451507568,"y":9.470523834228516,"z":4.859304428100586},"rotation":{"x":0.7060816287994385,"y":0.0012228867271915079,"z":-0.001337051042355597,"w":0.7081913948059082},"size":1.9711054563522339,"orthographic":false}